Constrant 1.0 Mu 1.0 sigma 1.0, ResponseTime with Delay of C*e^(mu+Z*sigma) of the simulation,
iteration 0,97,106.7318987
iteration 1,93,116.2887564
iteration 2,91,98.75508002
iteration 3,99,124.3107387
iteration 4,95,97.8420346
iteration 5,95,118.3338431
iteration 6,84,96.57118346
iteration 7,84,90.630614
iteration 8,87,106.0525217
iteration 9,80,99.65328744
iteration 10,90,111.7839807
iteration 11,86,91.59837377
iteration 12,78,113.5308963
iteration 13,82,88.54721516
iteration 14,81,92.55883248
iteration 15,84,133.4105966
iteration 16,90,105.1809657
iteration 17,83,114.4407981
iteration 18,80,98.04583074
iteration 19,88,119.6050863
iteration 20,107,131.7580893
iteration 21,89,107.2687154
iteration 22,76,96.51818247
iteration 23,78,88.87111431
iteration 24,70,87.19718229
iteration 25,75,82.72716301
iteration 26,85,107.4714457
iteration 27,76,95.5107912
iteration 28,76,97.2840833
iteration 29,147,153.3601407
iteration 30,108,115.8414139
iteration 31,105,125.7973307
iteration 32,100,129.6325722
iteration 33,94,106.0716143
iteration 34,96,108.4229032
iteration 35,82,89.58179735
iteration 36,85,97.61540127
iteration 37,96,103.6796006
iteration 38,87,123.3076645
iteration 39,94,105.5815094
iteration 40,88,101.8335196
iteration 41,93,104.684867
iteration 42,93,101.8963374
iteration 43,98,107.584091
iteration 44,86,98.53477239
iteration 45,95,123.5023451
iteration 46,85,102.7815281
iteration 47,92,108.0828606
iteration 48,92,103.6331266
iteration 49,83,107.773117
Constrant 1.0 Mu 1.0 sigma 2.0, ResponseTime with Delay of C*e^(mu+Z*sigma) of the simulation,
iteration 0,98,791.7320815
iteration 1,81,292.8229253
iteration 2,79,87.38284081
iteration 3,78,301.9280242
iteration 4,84,85.55773383
iteration 5,78,118.4887427
iteration 6,85,138.6174916
iteration 7,81,566.9244423
iteration 8,73,87.23835792
iteration 9,137,139.856619
iteration 10,112,153.4882295
iteration 11,95,131.0635189
iteration 12,91,110.4095802
iteration 13,95,175.0161574
iteration 14,85,160.6114301
iteration 15,93,136.4252191
iteration 16,88,111.5656735
iteration 17,91,114.6739506
iteration 18,81,132.5466405
iteration 19,84,173.6403915
iteration 20,140,169.4411719
iteration 21,80,191.5485921
iteration 22,75,79.73880685
iteration 23,81,84.53695187
iteration 24,81,150.4035568
iteration 25,79,121.1316962
iteration 26,92,110.0727636
iteration 27,183,203.8354063
iteration 28,87,110.4604928
iteration 29,94,167.1081967
iteration 30,94,403.1757901
iteration 31,100,981.961826
iteration 32,81,323.2812896
iteration 33,81,149.0787027
iteration 34,79,116.2271465
iteration 35,71,82.62969367
iteration 36,82,114.4081034
iteration 37,72,140.6614678
iteration 38,77,143.2087335
iteration 39,87,100.6452268
iteration 40,76,90.42906338
iteration 41,82,134.5591847
iteration 42,79,99.74460753
iteration 43,80,108.7259652
iteration 44,78,13710.87759
iteration 45,83,157.5651481
iteration 46,69,70.23216752
iteration 47,70,322.3700815
iteration 48,78,358.3430423
iteration 49,77,189.0671925
Constrant 1.0 Mu 1.0 sigma 3.0, ResponseTime with Delay of C*e^(mu+Z*sigma) of the simulation,
iteration 0,74,116.2642834
iteration 1,71,538.1839991
iteration 2,71,104.3099678
iteration 3,75,110.6819405
iteration 4,68,120.734041
iteration 5,73,726.5190345
iteration 6,74,109.5718078
iteration 7,69,106.9511664
iteration 8,72,102.4465712
iteration 9,75,191.8777635
iteration 10,153,355.8546689
iteration 11,98,114.4747464
iteration 12,98,110.7614991
iteration 13,97,100.6736256
iteration 14,103,153.0590558
iteration 15,89,9590.791326
iteration 16,90,233.72076
iteration 17,87,379.9460274
iteration 18,93,122.1236186
iteration 19,84,136.2055179
iteration 20,80,366.4076826
iteration 21,126,406.8057455
iteration 22,82,82.42813824
iteration 23,80,125.3101798
iteration 24,80,2081.863281
iteration 25,86,90.4999729
iteration 26,82,475.440898
iteration 27,84,332.6649282
iteration 28,81,82.69350112
iteration 29,92,1296.218437
iteration 30,94,387.9038826
iteration 31,105,504.933521
iteration 32,78,111.996816
iteration 33,80,117.2853675
iteration 34,89,109.7992186
iteration 35,82,113.4515009
iteration 36,79,279.1011927
iteration 37,86,255.4829206
iteration 38,88,161.2383391
iteration 39,76,97.91882043
iteration 40,129,185.6039813
iteration 41,101,129.9435812
iteration 42,93,114.8856516
iteration 43,93,285.1540712
iteration 44,109,281.8776997
iteration 45,98,279.8855052
iteration 46,97,113.2474869
iteration 47,81,870.6571828
iteration 48,90,223.2238945
iteration 49,83,196.209481
Constrant 1.0 Mu 1.0 sigma 4.0, ResponseTime with Delay of C*e^(mu+Z*sigma) of the simulation,
iteration 0,78,20240.43192
iteration 1,82,95.06296945
iteration 2,76,1045.327911
iteration 3,80,2099.637848
iteration 4,84,253.1811667
iteration 5,207,4369.569457
iteration 6,83,388.247217
iteration 7,85,240.5328357
iteration 8,75,732.7365601
iteration 9,79,105.7765039
iteration 10,94,265.9338653
iteration 11,90,117.6884673
iteration 12,76,304.5918232
iteration 13,82,93.39924361
iteration 14,70,109.287798
iteration 15,82,13139.77741
iteration 16,83,702.63951
iteration 17,97,460.0015469
iteration 18,92,528.0217332
iteration 19,104,14133.77638
iteration 20,77,237435.9604
iteration 21,75,163.6505519
iteration 22,80,282.4379373
iteration 23,94,108.3456518
iteration 24,77,354.0588882
iteration 25,83,17324.79633
iteration 26,72,90.7820603
iteration 27,82,1209.320251
iteration 28,79,3101.305215
iteration 29,81,408.3193582
iteration 30,74,5888.447929
iteration 31,83,1135.790802
iteration 32,75,12832.22054
iteration 33,81,171.4415278
iteration 34,76,430.9473371
iteration 35,81,675.1405739
iteration 36,77,516.2890521
iteration 37,82,4710.616971
iteration 38,75,123.0420863
iteration 39,152,276.3945776
iteration 40,103,144.9888569
iteration 41,93,219.8723771
iteration 42,96,146.365111
iteration 43,91,4398.545957
iteration 44,89,167.891109
iteration 45,85,94.07302091
iteration 46,86,577.6224569
iteration 47,95,234.6173038
iteration 48,82,226.174315
iteration 49,76,991.5194565
Constrant 1.0 Mu 1.0 sigma 5.0, ResponseTime with Delay of C*e^(mu+Z*sigma) of the simulation,
iteration 0,85,10516.08405
iteration 1,84,225.3173167
iteration 2,92,1635.135797
iteration 3,75,131.8305926
iteration 4,81,130.0050866
iteration 5,81,138.2141371
iteration 6,80,6707.245341
iteration 7,85,2028.755815
iteration 8,77,1471.205461
iteration 9,88,5058.259345
iteration 10,82,7991.9849
iteration 11,84,176.1935614
iteration 12,85,351.2390102
iteration 13,72,1379.929284
iteration 14,83,87.189011
iteration 15,86,731.7135424
iteration 16,74,75.20950731
iteration 17,74,76.5426604
iteration 18,79,241.6877301
iteration 19,79,86.06877137
iteration 20,83,181.7740109
iteration 21,79,82.39707569
iteration 22,75,22808.78335
iteration 23,69,2984.340178
iteration 24,85,2691.059055
iteration 25,80,74722.12592
iteration 26,88,3209.00614
iteration 27,83,217.2820615
iteration 28,72,96.55335942
iteration 29,72,864.3250957
iteration 30,99,3970.690652
iteration 31,76,1458.769928
iteration 32,75,10892.03771
iteration 33,70,156.8146672
iteration 34,74,2744.769113
iteration 35,72,576.1066014
iteration 36,79,732.6125357
iteration 37,70,6804.9401
iteration 38,166,2323.551287
iteration 39,105,975.2342389
iteration 40,101,156.9089384
iteration 41,94,254.5078577
iteration 42,108,154.3891553
iteration 43,88,655.7288751
iteration 44,118,512.3618121
iteration 45,89,649.9688815
iteration 46,92,37250.42847
iteration 47,101,1303.181488
iteration 48,93,2231.687878
iteration 49,87,132.2160112
Constrant 1.0 Mu 1.0 sigma 7.0, ResponseTime with Delay of C*e^(mu+Z*sigma) of the simulation,
iteration 0,81,653.3545113
iteration 1,89,23660.05142
iteration 2,89,705442.0855
iteration 3,216,661392.161
iteration 4,79,111214.7382
iteration 5,93,370.6104835
iteration 6,218,572.2664767
iteration 7,91,138861.4534
iteration 8,133,154.7882538
iteration 9,100,158.1106745
iteration 10,80,1608.473375
iteration 11,93,2948.791037
iteration 12,81,160.511754
iteration 13,78,16345.26074
iteration 14,74,86523.04427
iteration 15,87,104.1781153
iteration 16,73,24862.18197
iteration 17,79,171.4834998
iteration 18,84,1101999.671
iteration 19,79,6718.814985
iteration 20,75,30562.96665
iteration 21,78,1301.437177
iteration 22,76,89.07458602
iteration 23,82,21809.3988
iteration 24,76,620.8173687
iteration 25,78,465.2455098
iteration 26,75,6669.229067
iteration 27,80,317677.5401
iteration 28,71,3.96E+07
iteration 29,87,59056.42084
iteration 30,94,823.094223
iteration 31,81,16398.57772
iteration 32,73,364.5577132
iteration 33,75,1039315.382
iteration 34,73,94811.80902
iteration 35,76,471.9421992
iteration 36,70,8429.232658
iteration 37,160,580.2391582
iteration 38,105,191.9949273
iteration 39,97,68230.43289
iteration 40,91,91.41698826
iteration 41,100,371688.4497
iteration 42,104,1052.603181
iteration 43,96,9784983.035
iteration 44,95,1986.15095
iteration 45,109,1.10E+08
iteration 46,88,108.2891851
iteration 47,94,97.97567128
iteration 48,87,1.48E+10
iteration 49,86,1534.466319
Constrant 1.0 Mu 1.0 sigma 9.0, ResponseTime with Delay of C*e^(mu+Z*sigma) of the simulation,
iteration 0,88,5633.827392
iteration 1,91,95.58582495
iteration 2,206,434.2685055
iteration 3,87,6.17E+07
iteration 4,89,89.00969337
iteration 5,94,95.95213564
iteration 6,91,93.64266458
iteration 7,120,1.77E+07
iteration 8,84,1636921.571
iteration 9,83,83.50594993
iteration 10,86,2.21E+07
iteration 11,73,548.1090849
iteration 12,78,2015.465315
iteration 13,75,7715235.482
iteration 14,78,15685.07056
iteration 15,77,187650.7578
iteration 16,79,1387.679446
iteration 17,76,4.46E+08
iteration 18,87,1.21E+07
iteration 19,88,222.0265998
iteration 20,81,116190.6865
iteration 21,73,40148.69393
iteration 22,91,4522.739068
iteration 23,77,324.7182034
iteration 24,89,98.98325018
iteration 25,80,687852.5638
iteration 26,84,10661.88819
iteration 27,76,1432.841713
iteration 28,81,987.8408944
iteration 29,81,305090.0544
iteration 30,72,2717.154404
iteration 31,79,245433.1418
iteration 32,76,90781.83896
iteration 33,75,229195.2541
iteration 34,76,6803.604815
iteration 35,77,112.6214884
iteration 36,150,59355.27846
iteration 37,98,1053.08093
iteration 38,93,487.7461333
iteration 39,97,226.1012258
iteration 40,99,99.43660547
iteration 41,91,2649085.36
iteration 42,97,135.0591575
iteration 43,85,92.16147786
iteration 44,86,40158.25873
iteration 45,80,2407.635145
iteration 46,80,436.4664118
iteration 47,84,1.29E+08
iteration 48,79,1.86E+07
iteration 49,76,61991.1641
Constrant 1.0 Mu 3.0 sigma 1.0, ResponseTime with Delay of C*e^(mu+Z*sigma) of the simulation,
iteration 0,83,123.9955428
iteration 1,79,326.5673058
iteration 2,94,185.4053054
iteration 3,97,171.8820318
iteration 4,86,307.1617303
iteration 5,84,159.7178125
iteration 6,92,145.494326
iteration 7,91,156.5056335
iteration 8,82,149.8641782
iteration 9,86,209.2371852
iteration 10,74,210.0846346
iteration 11,75,296.889151
iteration 12,71,148.9358597
iteration 13,72,204.3467628
iteration 14,71,170.2313777
iteration 15,74,189.0667094
iteration 16,71,219.2272783
iteration 17,84,201.906021
iteration 18,70,447.0987089
iteration 19,77,233.556376
iteration 20,71,251.1787054
iteration 21,84,183.0095847
iteration 22,82,236.5458937
iteration 23,76,264.7177326
iteration 24,80,244.1702349
iteration 25,82,194.0184839
iteration 26,71,146.6453745
iteration 27,81,295.7372965
iteration 28,81,567.3162204
iteration 29,74,173.2302207
iteration 30,72,162.9591911
iteration 31,74,258.7877147
iteration 32,75,151.1531953
iteration 33,74,204.4670536
iteration 34,72,137.5812298
iteration 35,133,378.0175309
iteration 36,92,246.8569396
iteration 37,104,184.9563981
iteration 38,109,282.9405807
iteration 39,88,178.4304067
iteration 40,91,211.0034535
iteration 41,114,189.0953723
iteration 42,78,479.7582437
iteration 43,91,215.2301893
iteration 44,81,149.2024294
iteration 45,82,292.6345337
iteration 46,74,158.6731139
iteration 47,78,232.0807101
iteration 48,75,248.6847884
iteration 49,70,88.77225315
Constrant 1.0 Mu 3.0 sigma 2.0, ResponseTime with Delay of C*e^(mu+Z*sigma) of the simulation,
iteration 0,88,477.3481526
iteration 1,83,282.9862127
iteration 2,87,227.1127829
iteration 3,76,416.7496512
iteration 4,76,212.1667561
iteration 5,85,402.5492359
iteration 6,75,344.9221777
iteration 7,95,365.6817836
iteration 8,72,1591.310234
iteration 9,70,186.7316207
iteration 10,73,650.3243531
iteration 11,68,131.252847
iteration 12,78,847.4039917
iteration 13,67,89.36530318
iteration 14,82,634.4608897
iteration 15,69,306.0172163
iteration 16,74,126.2127746
iteration 17,67,419.9015378
iteration 18,87,176.1576987
iteration 19,69,260.519892
iteration 20,69,132.0387439
iteration 21,67,92.77394324
iteration 22,72,336.6985083
iteration 23,70,1311.698441
iteration 24,71,188.2840903
iteration 25,72,359.3340579
iteration 26,71,964.1692278
iteration 27,70,286.6906756
iteration 28,74,652.3366683
iteration 29,71,178.0227051
iteration 30,97,352.5309298
iteration 31,70,1008.392643
iteration 32,72,1157.222986
iteration 33,73,172.6463365
iteration 34,182,620.0171026
iteration 35,91,351.3996375
iteration 36,97,1680.126295
iteration 37,92,355.4718854
iteration 38,85,218.7354912
iteration 39,91,13634.27525
iteration 40,101,706.5373583
iteration 41,87,285.278223
iteration 42,80,1470.937801
iteration 43,91,411.0641891
iteration 44,83,328.7466433
iteration 45,85,117.0399868
iteration 46,82,825.4011343
iteration 47,87,671.8755928
iteration 48,101,2322.226972
iteration 49,86,929.4258422
Constrant 1.0 Mu 3.0 sigma 3.0, ResponseTime with Delay of C*e^(mu+Z*sigma) of the simulation,
iteration 0,87,154.7872983
iteration 1,94,650.8824014
iteration 2,85,1268.614992
iteration 3,79,1046.612203
iteration 4,97,307.9160552
iteration 5,88,3701.915859
iteration 6,86,29894.50375
iteration 7,77,618.4775383
iteration 8,74,3205.763018
iteration 9,81,61157.30271
iteration 10,74,1085.15287
iteration 11,71,550.2427327
iteration 12,80,122.3122619
iteration 13,80,347.7761555
iteration 14,74,10146.60748
iteration 15,85,25921.56516
iteration 16,70,6546.970631
iteration 17,83,111.3086852
iteration 18,73,690.683754
iteration 19,74,4646.214511
iteration 20,81,89.54874396
iteration 21,75,2975.674174
iteration 22,76,2170.349033
iteration 23,84,366.9206722
iteration 24,71,475.9617184
iteration 25,85,307.7620921
iteration 26,87,2486.752282
iteration 27,73,315.9033487
iteration 28,72,8993.720944
iteration 29,76,95.13261241
iteration 30,76,1703.017821
iteration 31,78,1106.018848
iteration 32,71,33028.89134
iteration 33,148,415.4544679
iteration 34,97,1153.471708
iteration 35,99,189.6722149
iteration 36,106,11472.72281
iteration 37,103,549.451466
iteration 38,100,5663.267326
iteration 39,91,2724.695941
iteration 40,88,11994.79602
iteration 41,80,4484.240738
iteration 42,87,2234.803042
iteration 43,90,1782.848533
iteration 44,91,558.5738586
iteration 45,89,593.8071104
iteration 46,94,8760.037365
iteration 47,95,2321.580061
iteration 48,79,84.79761631
iteration 49,77,43227.7693
Constrant 1.0 Mu 3.0 sigma 4.0, ResponseTime with Delay of C*e^(mu+Z*sigma) of the simulation,
iteration 0,78,1358.105056
iteration 1,90,11074.74002
iteration 2,87,1973.730992
iteration 3,75,923.0824302
iteration 4,174,231.1057877
iteration 5,81,1173.063971
iteration 6,82,595.5348132
iteration 7,74,85.0359099
iteration 8,74,844.0095706
iteration 9,84,93.47026085
iteration 10,75,247.9646152
iteration 11,88,1233.682797
iteration 12,72,1034.613363
iteration 13,73,1243.003391
iteration 14,76,32908.2622
iteration 15,82,1019.517981
iteration 16,95,976.1994899
iteration 17,75,164.6354981
iteration 18,75,6580.774652
iteration 19,89,397.9371847
iteration 20,81,97.27446992
iteration 21,98,1127.143798
iteration 22,84,83859.93973
iteration 23,74,6118.280778
iteration 24,73,1734.383665
iteration 25,75,13182.53511
iteration 26,76,160.2133022
iteration 27,86,72493.13438
iteration 28,71,2892.901487
iteration 29,79,13878.16425
iteration 30,73,98085.64227
iteration 31,84,81506.9651
iteration 32,76,4893.482643
iteration 33,77,137.1658424
iteration 34,158,1228.031495
iteration 35,101,6939.006729
iteration 36,103,1372.112214
iteration 37,94,5424.382514
iteration 38,95,536.4807094
iteration 39,103,2108.83883
iteration 40,93,462.6996424
iteration 41,84,5072.325333
iteration 42,79,2111987.362
iteration 43,80,233.3752598
iteration 44,76,6446.978994
iteration 45,92,342.0993556
iteration 46,74,2051.462095
iteration 47,81,278.5723843
iteration 48,86,122.9790744
iteration 49,212,27451.67461
Constrant 1.0 Mu 3.0 sigma 5.0, ResponseTime with Delay of C*e^(mu+Z*sigma) of the simulation,
iteration 0,91,337.2129184
iteration 1,76,8401.788696
iteration 2,187,50680.926
iteration 3,128,17562.42164
iteration 4,96,147.3939734
iteration 5,89,390945.8369
iteration 6,81,2662.789585
iteration 7,75,4159.959003
iteration 8,79,15136.02875
iteration 9,69,2876.328683
iteration 10,79,219517.066
iteration 11,73,121056.8671
iteration 12,77,8573.295632
iteration 13,75,97.39589602
iteration 14,78,905.4702616
iteration 15,74,16346.00899
iteration 16,77,67210.54696
iteration 17,70,454.768457
iteration 18,88,84974.65988
iteration 19,84,363.0735475
iteration 20,79,436670.2641
iteration 21,69,2509.366377
iteration 22,80,1413.274898
iteration 23,78,8888.483578
iteration 24,80,88.08938967
iteration 25,81,87.39701337
iteration 26,71,164721.3291
iteration 27,77,763.3999885
iteration 28,73,4883.382203
iteration 29,73,278.0732341
iteration 30,75,760.3977332
iteration 31,73,9929.290867
iteration 32,174,192.8691462
iteration 33,122,22379.02771
iteration 34,90,5213.528972
iteration 35,113,563677.7725
iteration 36,86,1578.261672
iteration 37,83,696.3843532
iteration 38,90,1079.476069
iteration 39,89,761.2983418
iteration 40,97,28909.92785
iteration 41,94,31909.89279
iteration 42,78,14013.73917
iteration 43,80,16400.96406
iteration 44,79,116.7222196
iteration 45,79,1594.517309
iteration 46,80,1195.719084
iteration 47,101,76903.358
iteration 48,93,105.2355802
iteration 49,87,151264.3926
Constrant 1.0 Mu 3.0 sigma 7.0, ResponseTime with Delay of C*e^(mu+Z*sigma) of the simulation,
iteration 0,76,105376.7764
iteration 1,75,26861.47889
iteration 2,97,1208.375691
iteration 3,176,9.02E+07
iteration 4,79,565.6518747
iteration 5,90,108254.4679
iteration 6,74,4.88E+08
iteration 7,76,639196.5101
iteration 8,74,213168.5033
iteration 9,77,779.4123099
iteration 10,69,901983.2429
iteration 11,77,163.7928838
iteration 12,75,849.6101389
iteration 13,81,6073391.589
iteration 14,71,69592.03922
iteration 15,82,585770.1329
iteration 16,70,1.40E+09
iteration 17,77,8181.141693
iteration 18,76,40407.31999
iteration 19,73,1724.59574
iteration 20,80,65154.63188
iteration 21,72,1724996.483
iteration 22,72,65044.54909
iteration 23,81,82.3132576
iteration 24,83,257.2937608
iteration 25,73,117157.6585
iteration 26,74,2106.945936
iteration 27,85,90988.57236
iteration 28,76,4529.157425
iteration 29,80,20641.7363
iteration 30,78,8722.821973
iteration 31,160,22298.10892
iteration 32,94,274126.2469
iteration 33,103,41285.10758
iteration 34,99,442.3134817
iteration 35,103,3737.317564
iteration 36,88,2352.865189
iteration 37,111,340.1986619
iteration 38,91,3.27E+07
iteration 39,100,252857.3637
iteration 40,96,280.777632
iteration 41,97,24921.67318
iteration 42,86,25626.35763
iteration 43,77,81.10401458
iteration 44,101,1204.437656
iteration 45,79,5.80E+07
iteration 46,87,6618.917884
iteration 47,97,13754.35556
iteration 48,94,123.1646599
iteration 49,83,9.49E+08
Constrant 1.0 Mu 3.0 sigma 9.0, ResponseTime with Delay of C*e^(mu+Z*sigma) of the simulation,
iteration 0,83,6554809.271
iteration 1,97,100.1355386
iteration 2,93,11885.98681
iteration 3,79,104.2930139
iteration 4,88,757.4608894
iteration 5,74,5.84E+09
iteration 6,77,9422950.83
iteration 7,89,99565.0382
iteration 8,75,2.91E+08
iteration 9,82,6.26E+07
iteration 10,77,139.354823
iteration 11,91,2.96E+13
iteration 12,95,559.1011397
iteration 13,86,1033258.517
iteration 14,76,1.20E+07
iteration 15,88,22332.9115
iteration 16,85,87.79950986
iteration 17,75,2.13E+07
iteration 18,81,85660.45013
iteration 19,78,1.26E+07
iteration 20,80,1430.84299
iteration 21,72,6788.528237
iteration 22,92,4977800.565
iteration 23,85,431217.7412
iteration 24,79,3168.143602
iteration 25,75,3.17E+08
iteration 26,76,75847.93925
iteration 27,70,15919.73754
iteration 28,72,434449.0613
iteration 29,71,113983.8163
iteration 30,117,1443598.798
iteration 31,98,8896153.807
iteration 32,97,52654.67033
iteration 33,94,541766.6219
iteration 34,99,129860.6172
iteration 35,101,73527.30269
iteration 36,89,23530.3579
iteration 37,90,588666.0102
iteration 38,101,5.01E+07
iteration 39,100,279.292955
iteration 40,88,99.00003381
iteration 41,86,262796.4235
iteration 42,80,1553.155202
iteration 43,89,1.17E+07
iteration 44,80,133.0882907
iteration 45,186,1.14E+07
iteration 46,86,5.16E+09
iteration 47,92,13553.10031
iteration 48,74,261509.3443
iteration 49,90,1238.005195
Constrant 1.0 Mu 5.0 sigma 1.0, ResponseTime with Delay of C*e^(mu+Z*sigma) of the simulation,
iteration 0,87,1075.894109
iteration 1,85,3141.428587
iteration 2,76,2888.846927
iteration 3,87,1242.058402
iteration 4,74,537.5327582
iteration 5,79,539.8962818
iteration 6,78,5284.854952
iteration 7,85,2145.007162
iteration 8,73,496.9617531
iteration 9,75,942.9301153
iteration 10,77,751.7279278
iteration 11,78,413.8780593
iteration 12,76,2773.324919
iteration 13,75,761.2446308
iteration 14,70,425.2655544
iteration 15,85,952.3226674
iteration 16,75,669.2723283
iteration 17,82,709.8457737
iteration 18,71,646.6411677
iteration 19,71,974.9092164
iteration 20,68,1334.553886
iteration 21,77,606.9938499
iteration 22,74,1555.875588
iteration 23,74,2881.5404
iteration 24,73,743.1170464
iteration 25,73,599.0419716
iteration 26,68,397.3272598
iteration 27,71,984.7170201
iteration 28,73,1353.794112
iteration 29,411,1221.148871
iteration 30,115,559.5135478
iteration 31,98,1061.364845
iteration 32,93,500.4698598
iteration 33,98,3553.264118
iteration 34,102,1421.278458
iteration 35,107,851.5080354
iteration 36,92,709.7679021
iteration 37,84,739.8615944
iteration 38,100,585.5055407
iteration 39,84,314.2804714
iteration 40,104,1204.130338
iteration 41,80,801.8099479
iteration 42,100,1086.984114
iteration 43,83,327.0048196
iteration 44,95,536.7106077
iteration 45,87,317.9547062
iteration 46,91,725.4321842
iteration 47,78,1823.21869
iteration 48,86,1173.864991
iteration 49,109,705.0751507
Constrant 1.0 Mu 5.0 sigma 2.0, ResponseTime with Delay of C*e^(mu+Z*sigma) of the simulation,
iteration 0,80,560.1421275
iteration 1,72,414.3696005
iteration 2,92,536.9211685
iteration 3,85,7868.699609
iteration 4,79,8885.362144
iteration 5,75,3053.334254
iteration 6,76,2817.017283
iteration 7,70,3960.873686
iteration 8,72,713.2893756
iteration 9,71,2283.247404
iteration 10,117,843.6474153
iteration 11,98,570.8860302
iteration 12,97,3243.217031
iteration 13,94,15713.1182
iteration 14,99,835.0220606
iteration 15,101,8958.423919
iteration 16,89,610.661567
iteration 17,90,5793.260509
iteration 18,101,14700.19711
iteration 19,100,23622.24203
iteration 20,88,1347.161577
iteration 21,86,1886.705913
iteration 22,80,493.29097
iteration 23,89,3462.40678
iteration 24,80,2049.63491
iteration 25,186,9097.356018
iteration 26,86,4418.84714
iteration 27,92,1232.414691
iteration 28,74,1346.903669
iteration 29,90,1844.845021
iteration 30,87,33775.18285
iteration 31,85,2685.225768
iteration 32,76,2170.822787
iteration 33,87,1790.516865
iteration 34,74,3818.849494
iteration 35,79,4578.359779
iteration 36,78,14098.23913
iteration 37,85,1994.548858
iteration 38,73,3220.906185
iteration 39,75,2852.446895
iteration 40,77,439.9563373
iteration 41,78,1019.079735
iteration 42,76,1273.224316
iteration 43,75,4821.228449
iteration 44,70,1516.794752
iteration 45,85,1953.657638
iteration 46,75,15640.18405
iteration 47,82,1992.284199
iteration 48,71,8567.503103
iteration 49,71,945.03606
Constrant 1.0 Mu 5.0 sigma 3.0, ResponseTime with Delay of C*e^(mu+Z*sigma) of the simulation,
iteration 0,79,2686.984539
iteration 1,73,2646.880584
iteration 2,77,972.7508813
iteration 3,75,1363.811591
iteration 4,78,1375.34212
iteration 5,74,263.1616893
iteration 6,77,1322.427529
iteration 7,70,8978.800097
iteration 8,88,399.87792
iteration 9,84,13298.03737
iteration 10,79,1592.145961
iteration 11,69,2558.976614
iteration 12,80,727.8865371
iteration 13,78,5932.319729
iteration 14,80,520.5947319
iteration 15,81,2397.834867
iteration 16,71,858.707158
iteration 17,77,447.4536274
iteration 18,73,2893.910704
iteration 19,73,269.4750771
iteration 20,75,27899.66564
iteration 21,73,746.1053294
iteration 22,174,1238.570478
iteration 23,122,527.1036657
iteration 24,90,11181.67412
iteration 25,113,627.2508053
iteration 26,86,15400.5848
iteration 27,83,956.254663
iteration 28,90,1381.745747
iteration 29,89,5530.000416
iteration 30,97,35409.93009
iteration 31,94,1715.452188
iteration 32,78,256.8573922
iteration 33,80,6285.057159
iteration 34,79,1299.203649
iteration 35,79,28934.61844
iteration 36,80,2868.954054
iteration 37,101,13572.38718
iteration 38,93,2706.38674
iteration 39,87,281463.6699
iteration 40,76,4074.008509
iteration 41,75,4166.647311
iteration 42,97,1351862.954
iteration 43,176,27514.01786
iteration 44,79,6913.34401
iteration 45,90,4691.101367
iteration 46,74,7317.307316
iteration 47,76,22510.84947
iteration 48,74,12363.94317
iteration 49,77,1419.700724
Constrant 1.0 Mu 5.0 sigma 4.0, ResponseTime with Delay of C*e^(mu+Z*sigma) of the simulation,
iteration 0,74,15489.45651
iteration 1,75,35708.03633
iteration 2,71,147738.254
iteration 3,72,165610.0124
iteration 4,71,8745.439175
iteration 5,74,2567.079172
iteration 6,71,4705.527437
iteration 7,84,20216.77037
iteration 8,70,983534.3556
iteration 9,77,1130.119892
iteration 10,71,1643.584384
iteration 11,84,8749.055605
iteration 12,82,1.96E+07
iteration 13,76,470.4843545
iteration 14,80,4801.834144
iteration 15,82,537240.6528
iteration 16,71,2167.294159
iteration 17,81,418440.3773
iteration 18,81,998.0577447
iteration 19,74,668457.2957
iteration 20,72,10871.86981
iteration 21,74,32842.20033
iteration 22,75,957.5042737
iteration 23,74,33133.2627
iteration 24,72,5344.403126
iteration 25,133,7137.280221
iteration 26,92,2038.992927
iteration 27,104,1563.191206
iteration 28,109,1725.935985
iteration 29,88,11158.21006
iteration 30,91,632.6960301
iteration 31,114,1532.506843
iteration 32,78,505.6389076
iteration 33,91,818264.2417
iteration 34,81,43575.35761
iteration 35,82,2517549.865
iteration 36,74,7992.124597
iteration 37,78,803.9622651
iteration 38,75,2457.092939
iteration 39,70,7611.99453
iteration 40,88,338.6946482
iteration 41,83,622.4776962
iteration 42,87,710.8480655
iteration 43,76,2400.294163
iteration 44,76,6056.094215
iteration 45,85,60901.47524
iteration 46,75,1035.404338
iteration 47,95,370306.955
iteration 48,72,501.6720647
iteration 49,70,2387.139398
Constrant 1.0 Mu 5.0 sigma 5.0, ResponseTime with Delay of C*e^(mu+Z*sigma) of the simulation,
iteration 0,94,33703.59683
iteration 1,90,56488.35687
iteration 2,76,28675.56514
iteration 3,82,1.94E+07
iteration 4,70,75674.24708
iteration 5,82,1.84E+07
iteration 6,83,10206.15239
iteration 7,97,7068.97571
iteration 8,92,142.9614193
iteration 9,104,75775.75762
iteration 10,77,94358.49956
iteration 11,75,11115.21657
iteration 12,80,4463.406824
iteration 13,94,170.6005951
iteration 14,77,23580.57339
iteration 15,83,1133.241231
iteration 16,72,15780.9143
iteration 17,82,782.9415808
iteration 18,79,260951.0593
iteration 19,81,9418.405169
iteration 20,74,17627.68234
iteration 21,83,1024.795924
iteration 22,75,226.5438026
iteration 23,81,1180.405625
iteration 24,76,203.9881924
iteration 25,81,502121.862
iteration 26,77,11269.46824
iteration 27,82,206730.4183
iteration 28,75,2171229.508
iteration 29,152,193881.8385
iteration 30,103,7850044.596
iteration 31,93,7564.818022
iteration 32,96,4523.390268
iteration 33,91,83651.87442
iteration 34,89,297.4453726
iteration 35,85,7396.295559
iteration 36,86,351.316694
iteration 37,95,9735480.471
iteration 38,82,1301.597084
iteration 39,76,227399.6314
iteration 40,85,62756.21045
iteration 41,84,223808.6801
iteration 42,92,136924.8341
iteration 43,75,3281382.852
iteration 44,81,22616.11069
iteration 45,81,11590.18618
iteration 46,80,676505.2287
iteration 47,85,1200944.914
iteration 48,77,6096678.086
iteration 49,88,142.5044268
Constrant 1.0 Mu 5.0 sigma 7.0, ResponseTime with Delay of C*e^(mu+Z*sigma) of the simulation,
iteration 0,112,6.17E+07
iteration 1,95,40292.41873
iteration 2,91,3.69E+07
iteration 3,95,64657.53248
iteration 4,85,1596.874092
iteration 5,93,869727.8592
iteration 6,88,54758.08314
iteration 7,91,5078.187781
iteration 8,81,4846.086769
iteration 9,84,12402.55648
iteration 10,140,98759.84986
iteration 11,80,67945.25051
iteration 12,75,4.69E+07
iteration 13,81,1.61E+07
iteration 14,81,14955.45864
iteration 15,79,1.20E+08
iteration 16,92,7867.527511
iteration 17,183,5.86E+07
iteration 18,87,1375759.894
iteration 19,94,48933.01233
iteration 20,94,3073.511083
iteration 21,100,1786142.16
iteration 22,81,86985.66499
iteration 23,81,1.10E+09
iteration 24,79,3577.946885
iteration 25,71,448.8653326
iteration 26,82,54014.97539
iteration 27,72,132964.6554
iteration 28,77,128605.1497
iteration 29,87,3.71E+07
iteration 30,76,2.72E+08
iteration 31,82,24301.70648
iteration 32,79,2410247.764
iteration 33,80,851.9782806
iteration 34,78,9214.065799
iteration 35,83,1655434.893
iteration 36,69,738366.9752
iteration 37,70,5813018.725
iteration 38,78,6626.18122
iteration 39,77,108305.651
iteration 40,74,1080.185556
iteration 41,71,20196.36808
iteration 42,71,7139.463788
iteration 43,75,11321.44154
iteration 44,68,696650.5023
iteration 45,73,2132.435955
iteration 46,74,2613.323806
iteration 47,69,804.109088
iteration 48,72,6811466.353
iteration 49,75,17777.86395
Constrant 1.0 Mu 5.0 sigma 9.0, ResponseTime with Delay of C*e^(mu+Z*sigma) of the simulation,
iteration 0,80,2.36E+10
iteration 1,93,19351.34166
iteration 2,81,1.47E+12
iteration 3,78,1072.671699
iteration 4,74,6.16E+07
iteration 5,87,41940.85026
iteration 6,73,45079.59475
iteration 7,79,2.26E+08
iteration 8,84,3303457.264
iteration 9,79,3231.766416
iteration 10,75,104821.5367
iteration 11,78,2.16E+08
iteration 12,76,1089038.054
iteration 13,82,8692394.926
iteration 14,76,1.05E+14
iteration 15,78,8.07E+07
iteration 16,75,4409.722002
iteration 17,80,1086.336203
iteration 18,71,2186.39481
iteration 19,87,6.90E+08
iteration 20,94,95532.30863
iteration 21,81,19461.96543
iteration 22,73,399.6213108
iteration 23,75,1558.826545
iteration 24,73,2824.260538
iteration 25,76,1.57E+07
iteration 26,70,484180.0371
iteration 27,160,5223.146932
iteration 28,105,1.52E+08
iteration 29,97,1.03E+07
iteration 30,91,1686658.848
iteration 31,100,2.70E+08
iteration 32,104,1870991.345
iteration 33,96,466632.3147
iteration 34,95,2.92E+08
iteration 35,109,181.5607919
iteration 36,88,81258.53937
iteration 37,94,2.41E+09
iteration 38,87,3192962.141
iteration 39,86,366748.3836
iteration 40,88,929.9660441
iteration 41,91,1.65E+13
iteration 42,206,4821323.608
iteration 43,87,1.92E+11
iteration 44,89,5.12E+07
iteration 45,94,652717.3338
iteration 46,91,1460677.171
iteration 47,120,7.37E+07
iteration 48,84,2840992.824
iteration 49,83,2.52E+09
Constrant 1.0 Mu 7.0 sigma 1.0, ResponseTime with Delay of C*e^(mu+Z*sigma) of the simulation,
iteration 0,75,7482.082606
iteration 1,88,3916.986112
iteration 2,72,3799.046826
iteration 3,73,6875.32387
iteration 4,76,6670.564139
iteration 5,82,4908.351974
iteration 6,95,6110.561138
iteration 7,75,2814.179265
iteration 8,75,3130.32705
iteration 9,89,16422.06385
iteration 10,81,6656.058535
iteration 11,98,15672.11668
iteration 12,84,4827.983089
iteration 13,74,4688.147282
iteration 14,73,3963.468462
iteration 15,75,13016.10843
iteration 16,76,12016.81406
iteration 17,86,9265.414671
iteration 18,71,6667.605276
iteration 19,79,10811.20752
iteration 20,73,4195.210914
iteration 21,84,8785.403655
iteration 22,76,3922.478705
iteration 23,77,5678.44508
iteration 24,158,11796.76241
iteration 25,101,2265.166562
iteration 26,103,7600.386747
iteration 27,94,6215.865999
iteration 28,95,3944.208784
iteration 29,103,5104.321879
iteration 30,93,7846.14531
iteration 31,84,8942.041222
iteration 32,79,4331.304573
iteration 33,80,4873.524077
iteration 34,76,11024.82955
iteration 35,92,5454.248897
iteration 36,74,5690.258379
iteration 37,81,1618.085657
iteration 38,86,3543.301986
iteration 39,212,10833.42412
iteration 40,87,12605.89279
iteration 41,94,12406.98208
iteration 42,85,4495.54567
iteration 43,79,5591.127853
iteration 44,97,6397.937762
iteration 45,88,6476.532716
iteration 46,86,8932.133823
iteration 47,77,4131.910018
iteration 48,74,3338.455437
iteration 49,81,1460.66742
Constrant 1.0 Mu 7.0 sigma 2.0, ResponseTime with Delay of C*e^(mu+Z*sigma) of the simulation,
iteration 0,93,15432.72842
iteration 1,84,10946.48685
iteration 2,79,1453.563269
iteration 3,80,17729.62444
iteration 4,76,1568.502117
iteration 5,92,15573.85092
iteration 6,74,44381.28455
iteration 7,81,53438.37686
iteration 8,86,25605.99713
iteration 9,212,59893.43831
iteration 10,87,5325.580551
iteration 11,94,12683.39929
iteration 12,85,4736.462868
iteration 13,79,1604.324533
iteration 14,97,10020.755
iteration 15,88,22446.97211
iteration 16,86,27156.67543
iteration 17,77,6279.517425
iteration 18,74,2616.11394
iteration 19,81,20150.83788
iteration 20,74,15315.587
iteration 21,71,10745.41635
iteration 22,80,6086.234237
iteration 23,80,4292.218691
iteration 24,74,18228.54992
iteration 25,85,11644.84068
iteration 26,70,35646.78249
iteration 27,83,36819.70771
iteration 28,73,4422.98616
iteration 29,74,25300.21969
iteration 30,81,5987.047342
iteration 31,75,25164.49621
iteration 32,76,2602.65884
iteration 33,84,7774.596613
iteration 34,71,10696.8164
iteration 35,85,104857.1278
iteration 36,87,38335.59226
iteration 37,73,9610.193453
iteration 38,72,22077.04117
iteration 39,76,45049.71185
iteration 40,76,31796.11766
iteration 41,78,3272.258852
iteration 42,71,12223.09242
iteration 43,148,62089.25249
iteration 44,97,17249.40785
iteration 45,99,1837.441888
iteration 46,106,7200.542819
iteration 47,103,3958.982868
iteration 48,100,54439.59911
iteration 49,91,1357.873136
Constrant 1.0 Mu 7.0 sigma 3.0, ResponseTime with Delay of C*e^(mu+Z*sigma) of the simulation,
iteration 0,97,4097734.786
iteration 1,70,51142.7513
iteration 2,72,31959.91462
iteration 3,73,614210.5917
iteration 4,182,424788.6488
iteration 5,91,4101.062172
iteration 6,97,21832.93372
iteration 7,92,803.0475022
iteration 8,85,34522.69303
iteration 9,91,230100.3271
iteration 10,101,70377.77411
iteration 11,87,7847.823559
iteration 12,80,8337.311736
iteration 13,91,22936.46865
iteration 14,83,2406.861039
iteration 15,85,112904.2697
iteration 16,82,5507.16551
iteration 17,87,465941.7588
iteration 18,101,105168.2506
iteration 19,86,11180.63982
iteration 20,78,34332.90435
iteration 21,90,10227.52805
iteration 22,87,22120.06002
iteration 23,75,100404.8268
iteration 24,174,7464.290782
iteration 25,81,109250.1471
iteration 26,82,20962.11845
iteration 27,74,763131.6038
iteration 28,74,46357.2662
iteration 29,84,16060.9946
iteration 30,75,201371.0906
iteration 31,88,230239.0297
iteration 32,72,4642.774826
iteration 33,73,106569.5894
iteration 34,76,13126.27279
iteration 35,82,511468.5713
iteration 36,95,9360.894595
iteration 37,75,24431.26781
iteration 38,75,155693.0902
iteration 39,89,5140.789645
iteration 40,81,27323.45934
iteration 41,98,192827.1744
iteration 42,84,56603.10699
iteration 43,74,41966.14223
iteration 44,73,3757.003094
iteration 45,75,5137719.454
iteration 46,76,51565.74428
iteration 47,86,71746.42234
iteration 48,71,223209.4468
iteration 49,79,368118.7172
Constrant 1.0 Mu 7.0 sigma 4.0, ResponseTime with Delay of C*e^(mu+Z*sigma) of the simulation,
iteration 0,82,671542.3076
iteration 1,71,11836.34282
iteration 2,81,26520.50147
iteration 3,81,174488.9839
iteration 4,74,4657.624064
iteration 5,72,766963.6816
iteration 6,74,666371.2342
iteration 7,75,42547.12411
iteration 8,74,31580.29616
iteration 9,72,3027765.564
iteration 10,133,133448.9637
iteration 11,92,1687141.253
iteration 12,104,5932.519694
iteration 13,109,287439.3343
iteration 14,88,1952925.796
iteration 15,91,22808.32135
iteration 16,114,45605.17604
iteration 17,78,27145.59172
iteration 18,91,318734.0595
iteration 19,81,42088.41388
iteration 20,82,3135.665887
iteration 21,74,6625.605674
iteration 22,78,4676.135711
iteration 23,75,6418.295012
iteration 24,70,31837.24321
iteration 25,88,28794.25912
iteration 26,83,277651.3719
iteration 27,87,91171.5467
iteration 28,76,3099917.558
iteration 29,76,2610727.661
iteration 30,85,54606.8979
iteration 31,75,31167.90676
iteration 32,95,46621.27754
iteration 33,72,1272005.722
iteration 34,70,29833.73094
iteration 35,73,344697.635
iteration 36,68,1023659.163
iteration 37,78,769704.4294
iteration 38,67,621.6975336
iteration 39,82,142551.0732
iteration 40,69,225550.4575
iteration 41,74,660625.04
iteration 42,67,495153.1781
iteration 43,87,11775.92175
iteration 44,69,2163534.538
iteration 45,69,126568.0439
iteration 46,67,1.28E+07
iteration 47,72,6078607.378
iteration 48,70,8294.385068
iteration 49,71,75226.86426
Constrant 1.0 Mu 7.0 sigma 5.0, ResponseTime with Delay of C*e^(mu+Z*sigma) of the simulation,
iteration 0,81,336215.957
iteration 1,71,3414.784703
iteration 2,77,1045.134256
iteration 3,73,40106.5617
iteration 4,73,2450728.561
iteration 5,75,476960.1775
iteration 6,73,691422.6184
iteration 7,174,6.34E+07
iteration 8,122,454508.9684
iteration 9,90,584286.1101
iteration 10,113,60668.68347
iteration 11,86,1442.187162
iteration 12,83,2953067.547
iteration 13,90,72808.63077
iteration 14,89,42195.2915
iteration 15,97,1.02E+08
iteration 16,94,52501.29947
iteration 17,78,302370.155
iteration 18,80,1364.596241
iteration 19,79,22478.06881
iteration 20,79,7948.12655
iteration 21,80,2715.194074
iteration 22,101,1332183.917
iteration 23,93,471760.1064
iteration 24,87,81306.48649
iteration 25,76,3352.22011
iteration 26,75,13247.08445
iteration 27,97,1.32E+07
iteration 28,176,1.49E+07
iteration 29,79,592989.6889
iteration 30,90,891.7616462
iteration 31,74,6.79E+07
iteration 32,76,2.63E+07
iteration 33,74,13789.82742
iteration 34,77,35863.62282
iteration 35,69,19983.53172
iteration 36,77,17584.05449
iteration 37,75,428.2592308
iteration 38,81,228753.0505
iteration 39,71,3.41E+08
iteration 40,82,397446.0733
iteration 41,70,20865.67534
iteration 42,77,153175.315
iteration 43,76,175529.6502
iteration 44,73,219766.855
iteration 45,80,919945.3679
iteration 46,72,720223.0691
iteration 47,72,2574372.01
iteration 48,81,1615918.981
iteration 49,83,2456460.634
Constrant 1.0 Mu 7.0 sigma 7.0, ResponseTime with Delay of C*e^(mu+Z*sigma) of the simulation,
iteration 0,79,1.50E+08
iteration 1,92,785363.1991
iteration 2,183,5397.327074
iteration 3,87,236983.8059
iteration 4,94,4.13E+07
iteration 5,94,1254571.892
iteration 6,100,75777.82604
iteration 7,81,239.9445645
iteration 8,81,22425.98618
iteration 9,79,3.86E+09
iteration 10,71,316597.6605
iteration 11,82,9.57E+08
iteration 12,72,22683.2585
iteration 13,77,26336.75963
iteration 14,87,8.22E+07
iteration 15,76,512326.5816
iteration 16,82,464274.2293
iteration 17,79,1262402.583
iteration 18,80,3.05E+07
iteration 19,78,61094.44564
iteration 20,83,772.1826858
iteration 21,69,2731.603214
iteration 22,70,4911.035071
iteration 23,78,2008661.515
iteration 24,77,3.35E+08
iteration 25,74,2195341.681
iteration 26,71,69224.74342
iteration 27,71,8236244.716
iteration 28,75,5021.186493
iteration 29,68,3.92E+07
iteration 30,73,3864759.332
iteration 31,74,2254.271638
iteration 32,69,1.18E+08
iteration 33,72,22282.95445
iteration 34,75,442653.3011
iteration 35,153,1.29E+09
iteration 36,98,1.49E+09
iteration 37,98,1234.693493
iteration 38,97,52609.48272
iteration 39,103,4565317.663
iteration 40,89,3.57E+07
iteration 41,90,78376.66213
iteration 42,87,15482.56684
iteration 43,93,3259113.818
iteration 44,84,538779.003
iteration 45,80,31179.41327
iteration 46,126,2.39E+08
iteration 47,82,1.50E+07
iteration 48,80,10788.95695
iteration 49,80,1.18E+09
Constrant 1.0 Mu 7.0 sigma 9.0, ResponseTime with Delay of C*e^(mu+Z*sigma) of the simulation,
iteration 0,78,8.56E+07
iteration 1,75,1.97E+07
iteration 2,80,6.95E+10
iteration 3,71,5.09E+07
iteration 4,87,3.38E+07
iteration 5,94,8.51E+07
iteration 6,81,6363307.774
iteration 7,73,4153906.948
iteration 8,75,2.86E+08
iteration 9,73,1256173.677
iteration 10,76,3.63E+08
iteration 11,70,418003.9626
iteration 12,160,328126.2498
iteration 13,105,9.51E+07
iteration 14,97,2.33E+07
iteration 15,91,1987936.188
iteration 16,100,672247.437
iteration 17,104,107.1852978
iteration 18,96,2169010.03
iteration 19,95,1.28E+07
iteration 20,109,339.9211156
iteration 21,88,1585.194959
iteration 22,94,3043.548005
iteration 23,87,2.16E+07
iteration 24,86,4558.578206
iteration 25,88,2039606.981
iteration 26,91,4683.293856
iteration 27,206,6.22E+11
iteration 28,87,5.33E+08
iteration 29,89,3428.986295
iteration 30,94,7.94E+07
iteration 31,91,1.48E+11
iteration 32,120,132.3530958
iteration 33,84,5.16E+09
iteration 34,83,9.90E+09
iteration 35,86,1.69E+10
iteration 36,73,2.22E+07
iteration 37,78,2.25E+07
iteration 38,75,1.08E+12
iteration 39,78,7560.911005
iteration 40,77,3.52E+07
iteration 41,79,2.06E+08
iteration 42,76,1.32E+09
iteration 43,87,2.46E+07
iteration 44,88,785280.9206
iteration 45,81,1.10E+09
iteration 46,73,4.65E+07
iteration 47,91,9.29E+07
iteration 48,77,135969.7394
iteration 49,89,8.99E+09
Constrant 1.0 Mu 9.0 sigma 1.0, ResponseTime with Delay of C*e^(mu+Z*sigma) of the simulation,
iteration 0,95,70494.71426
iteration 1,84,54311.71824
iteration 2,84,112499.0327
iteration 3,87,36019.93076
iteration 4,80,42386.47224
iteration 5,90,44251.98879
iteration 6,86,66440.41579
iteration 7,78,68615.82057
iteration 8,82,44171.83518
iteration 9,81,86809.74868
iteration 10,84,70529.04605
iteration 11,90,54112.64484
iteration 12,83,96396.91327
iteration 13,80,53762.85972
iteration 14,88,13421.68654
iteration 15,107,34628.18932
iteration 16,89,76576.12887
iteration 17,76,41193.4603
iteration 18,78,39153.32053
iteration 19,70,33347.69994
iteration 20,75,42991.67097
iteration 21,85,77683.71247
iteration 22,76,31982.63912
iteration 23,76,116766.3347
iteration 24,147,76418.07478
iteration 25,108,20430.59088
iteration 26,105,41640.53163
iteration 27,100,20808.82929
iteration 28,94,80802.57523
iteration 29,96,136513.7624
iteration 30,82,63521.88804
iteration 31,85,108955.4971
iteration 32,96,75824.78088
iteration 33,87,36929.63703
iteration 34,94,40901.76694
iteration 35,88,64931.8684
iteration 36,93,37044.2746
iteration 37,93,39200.26392
iteration 38,98,54556.83931
iteration 39,86,67831.88453
iteration 40,95,30162.84184
iteration 41,85,114231.6871
iteration 42,92,41589.88981
iteration 43,92,45469.48504
iteration 44,83,75314.73757
iteration 45,98,57291.86017
iteration 46,81,31475.39322
iteration 47,79,61674.44184
iteration 48,78,41763.97638
iteration 49,84,92573.26938
Constrant 1.0 Mu 9.0 sigma 2.0, ResponseTime with Delay of C*e^(mu+Z*sigma) of the simulation,
iteration 0,89,175228.3263
iteration 1,92,91404.00546
iteration 2,101,377503.8894
iteration 3,93,899518.8893
iteration 4,87,67664.83461
iteration 5,81,18837.4518
iteration 6,89,33264.02814
iteration 7,89,470873.0375
iteration 8,216,950042.1412
iteration 9,79,454992.2335
iteration 10,93,35469.19251
iteration 11,218,25991.74432
iteration 12,91,205724.4662
iteration 13,133,480631.2829
iteration 14,100,49678.38849
iteration 15,80,26025.44886
iteration 16,93,45253.8727
iteration 17,81,35456.76984
iteration 18,78,21350.21235
iteration 19,74,57922.20665
iteration 20,87,59432.62957
iteration 21,73,15723.4688
iteration 22,79,69818.39287
iteration 23,84,2377083.182
iteration 24,79,27738.14407
iteration 25,75,25474.85151
iteration 26,78,24993.24814
iteration 27,76,49754.80337
iteration 28,82,2070081.737
iteration 29,76,91294.51573
iteration 30,78,213595.8377
iteration 31,75,46874.56103
iteration 32,80,60029.72105
iteration 33,71,41094.06503
iteration 34,87,12928.26552
iteration 35,94,3624596.589
iteration 36,81,948282.2105
iteration 37,73,233284.8176
iteration 38,75,212416.5838
iteration 39,73,499309.2175
iteration 40,76,351268.6798
iteration 41,70,158589.8558
iteration 42,160,71495.11619
iteration 43,105,8416.084678
iteration 44,97,76099.08172
iteration 45,91,159328.2169
iteration 46,100,316247.8866
iteration 47,104,17539.06395
iteration 48,96,56143.08244
iteration 49,95,128449.9477
Constrant 1.0 Mu 9.0 sigma 3.0, ResponseTime with Delay of C*e^(mu+Z*sigma) of the simulation,
iteration 0,86,91906.83917
iteration 1,82,15204.90977
iteration 2,84,3272038.188
iteration 3,81,492213.7791
iteration 4,92,54911.5962
iteration 5,94,255434.1467
iteration 6,105,1317637.805
iteration 7,78,1481678.749
iteration 8,80,9282.45761
iteration 9,89,27089.50904
iteration 10,82,306654.7923
iteration 11,79,4851043.445
iteration 12,86,319592.2739
iteration 13,88,3876241.678
iteration 14,76,40252.22576
iteration 15,129,132596.9353
iteration 16,101,71356.20394
iteration 17,93,26810.77399
iteration 18,93,148540.9282
iteration 19,109,34515.00179
iteration 20,98,3.43E+07
iteration 21,97,38037.93733
iteration 22,81,6802712.311
iteration 23,90,696718.9124
iteration 24,83,5252.352422
iteration 25,78,312084.4372
iteration 26,82,63464.83798
iteration 27,76,3.90E+07
iteration 28,80,5340.340406
iteration 29,84,220005.0128
iteration 30,207,17521.91107
iteration 31,83,306892.8578
iteration 32,85,165542.1826
iteration 33,75,22250.0546
iteration 34,79,242437.4432
iteration 35,94,2066919.584
iteration 36,90,46989.72934
iteration 37,76,9121229.326
iteration 38,82,2055915.571
iteration 39,70,67315.4621
iteration 40,82,218249.8466
iteration 41,83,1121447.032
iteration 42,97,68944.48317
iteration 43,92,31822.63579
iteration 44,104,64711.70817
iteration 45,77,34707.82665
iteration 46,75,814294.7052
iteration 47,80,1156121.339
iteration 48,94,50710.1417
iteration 49,77,589814.8972
Constrant 1.0 Mu 9.0 sigma 4.0, ResponseTime with Delay of C*e^(mu+Z*sigma) of the simulation,
iteration 0,72,224696.7468
iteration 1,71,519991.1675
iteration 2,70,45831.60571
iteration 3,74,83940.16808
iteration 4,71,326337.9192
iteration 5,97,4.89E+07
iteration 6,70,35725.28198
iteration 7,72,895357.5611
iteration 8,73,672095.9096
iteration 9,182,267169.0724
iteration 10,91,91262.99973
iteration 11,97,7294139.253
iteration 12,92,2517761.776
iteration 13,85,903496.2721
iteration 14,91,23754.67494
iteration 15,101,1801666.642
iteration 16,87,301534.9394
iteration 17,80,290979.6249
iteration 18,91,65321.34875
iteration 19,83,1663076.671
iteration 20,85,2.11E+07
iteration 21,82,13348.62222
iteration 22,87,16273.46062
iteration 23,101,1357090.976
iteration 24,86,86430.99202
iteration 25,78,458925.1552
iteration 26,90,9450.635569
iteration 27,87,8168477.527
iteration 28,75,7025.183699
iteration 29,174,904264.4602
iteration 30,81,196842.8385
iteration 31,82,8254.094829
iteration 32,74,338118.9761
iteration 33,74,505579.5467
iteration 34,84,1678144.408
iteration 35,75,680083.9435
iteration 36,88,8424525.414
iteration 37,72,1234145.835
iteration 38,73,3.33E+08
iteration 39,76,4357.750211
iteration 40,82,5204622.92
iteration 41,95,635259.9975
iteration 42,75,1.60E+09
iteration 43,75,29146.39674
iteration 44,89,1651860.346
iteration 45,81,327900.0833
iteration 46,98,8635683.437
iteration 47,84,4.37E+08
iteration 48,74,581114.9502
iteration 49,73,1024746.714
Constrant 1.0 Mu 9.0 sigma 5.0, ResponseTime with Delay of C*e^(mu+Z*sigma) of the simulation,
iteration 0,85,225730.0269
iteration 1,87,1784458.152
iteration 2,73,6672617.956
iteration 3,72,1.93E+08
iteration 4,76,2540319.394
iteration 5,76,185693.3964
iteration 6,78,94635.0291
iteration 7,71,8.96E+07
iteration 8,148,1266490.21
iteration 9,97,1458195.833
iteration 10,99,3248909.487
iteration 11,106,3672.848642
iteration 12,103,2120100.086
iteration 13,100,282311.4481
iteration 14,91,275896.8643
iteration 15,88,78536.36805
iteration 16,80,154017.7
iteration 17,87,414355.1783
iteration 18,90,1.27E+08
iteration 19,91,55851.05205
iteration 20,89,6198.364414
iteration 21,94,4.06E+07
iteration 22,95,3.05E+07
iteration 23,79,1277348.194
iteration 24,77,61189.44225
iteration 25,91,8902.473265
iteration 26,76,1346609.58
iteration 27,187,33844.87856
iteration 28,128,30714.28107
iteration 29,96,933.6095326
iteration 30,89,7732493.61
iteration 31,81,1.02E+07
iteration 32,75,8.88E+08
iteration 33,79,21229.40383
iteration 34,69,6485182.006
iteration 35,79,2.47E+08
iteration 36,73,6.30E+07
iteration 37,77,155455.0724
iteration 38,75,4504.294495
iteration 39,78,268818.5521
iteration 40,74,3416494.04
iteration 41,77,358344.1308
iteration 42,70,369580.1833
iteration 43,88,3.24E+07
iteration 44,84,3484627.501
iteration 45,79,3688476.396
iteration 46,69,181418.1886
iteration 47,80,5590.420026
iteration 48,78,1.46E+09
iteration 49,80,162702.0364
Constrant 1.0 Mu 9.0 sigma 7.0, ResponseTime with Delay of C*e^(mu+Z*sigma) of the simulation,
iteration 0,73,8.06E+07
iteration 1,68,1629886.905
iteration 2,71,1.01E+09
iteration 3,73,1.51E+08
iteration 4,411,255753.7644
iteration 5,115,61347.33365
iteration 6,98,4.79E+09
iteration 7,93,2.38E+09
iteration 8,98,7.95E+07
iteration 9,102,1.76E+07
iteration 10,107,8.42E+07
iteration 11,92,38773.71006
iteration 12,84,468515.0738
iteration 13,100,3.62E+07
iteration 14,84,2989967.653
iteration 15,104,6.68E+09
iteration 16,80,161081.6322
iteration 17,100,269551.2239
iteration 18,83,258948.7647
iteration 19,95,132997.3184
iteration 20,87,2.64E+07
iteration 21,91,58795.51385
iteration 22,78,132923.1394
iteration 23,86,64457.07582
iteration 24,109,1.86E+09
iteration 25,92,1.34E+08
iteration 26,86,5.72E+09
iteration 27,90,805732.4501
iteration 28,75,3.27E+08
iteration 29,90,791412.8553
iteration 30,84,216948.7559
iteration 31,93,151596.0784
iteration 32,80,5.68E+07
iteration 33,77,133738.6919
iteration 34,84,579.9437162
iteration 35,79,2842242.42
iteration 36,92,1.22E+08
iteration 37,92,3.25E+08
iteration 38,72,1647375.678
iteration 39,77,2.59E+08
iteration 40,87,33806.75967
iteration 41,98,1.46E+07
iteration 42,94,1131895.239
iteration 43,90,1.87E+07
iteration 44,80,2.14E+08
iteration 45,90,87886.71058
iteration 46,86,1.30E+08
iteration 47,79,2.34E+08
iteration 48,78,3.45E+07
iteration 49,92,6.59E+11
Constrant 1.0 Mu 9.0 sigma 9.0, ResponseTime with Delay of C*e^(mu+Z*sigma) of the simulation,
iteration 0,79,1.42E+11
iteration 1,87,1.64E+07
iteration 2,97,951372.3761
iteration 3,94,435493.5707
iteration 4,83,2.30E+10
iteration 5,83,741855.8392
iteration 6,97,1.40E+13
iteration 7,93,3.91E+10
iteration 8,79,7.28E+08
iteration 9,88,6.20E+09
iteration 10,74,1.21E+08
iteration 11,77,4.84E+10
iteration 12,89,5.61E+07
iteration 13,75,4.47E+07
iteration 14,82,4.40E+10
iteration 15,77,1.97E+07
iteration 16,91,3.91E+07
iteration 17,95,1.40E+12
iteration 18,86,3845236.575
iteration 19,76,5.88E+07
iteration 20,88,1.29E+10
iteration 21,85,6.32E+07
iteration 22,75,2.48E+10
iteration 23,81,174352.9942
iteration 24,78,1283203.93
iteration 25,80,10084.41068
iteration 26,72,1.68E+11
iteration 27,92,2.10E+09
iteration 28,85,7278766.852
iteration 29,79,4.20E+08
iteration 30,75,2.42E+11
iteration 31,76,1.89E+07
iteration 32,70,1.84E+07
iteration 33,72,177577.3415
iteration 34,71,2.00E+12
iteration 35,117,9.35E+09
iteration 36,98,1.31E+11
iteration 37,97,2.27E+07
iteration 38,94,1341.949953
iteration 39,99,4.68E+09
iteration 40,101,3.19E+09
iteration 41,89,1.32E+09
iteration 42,90,8.04E+07
iteration 43,101,1.69E+11
iteration 44,100,4.40E+09
iteration 45,88,9.81E+12
iteration 46,86,7.88E+07
iteration 47,80,9.17E+09
iteration 48,89,4816678.589
iteration 49,80,2528766.078
